code,category,date,time_start,time_end,location
1,機車竊盜,107-01-04,00,02,臺北市中山區林森北路133巷72弄內
2,機車竊盜,107-01-04,06,08,臺北市士林區德行東路90巷27弄1~30號
3,機車竊盜,107-01-05,22,24,臺北市大安區仁愛路3段1~30號
4,機車竊盜,107-01-06,00,02,臺北市中正區文北里杭州南路1段61~90號
5,機車竊盜,107-01-07,18,20,臺北市萬華區大理街91~120號
6,機車竊盜,107-01-13,20,22,臺北市文山區景華里羅斯福路6段(景華街口)
7,機車竊盜,107-01-14,22,24,臺北市內湖區安泰街45巷1~30號
8,機車竊盜,107-01-18,16,18,臺北市大同區歸綏街91~120號
9,機車竊盜,107-01-21,06,08,臺北市大同區重慶北路2段31~60號
10,機車竊盜,107-02-01,02,04,臺北市北投區福興里石牌路1段1~30號
11,機車竊盜,107-02-02,10,12,臺北市中山區林森北路271~300號
12,機車竊盜,107-02-06,04,06,臺北市北投區福興里自強街31~60號
13,機車竊盜,107-02-07,14,16,臺北市中正區建國里重慶南路1段126巷(北側路邊停車格)
14,機車竊盜,107-02-08,04,06,臺北市北投區福興里自強街31巷61~90號
15,機車竊盜,107-02-09,18,20,臺北市士林區社子街125巷1~30號
16,機車竊盜,107-02-18,08,10,臺北市萬華區德昌街1~30號
17,機車竊盜,107-02-18,16,18,臺北市中正區永功里中華路2段451~480號
18,機車竊盜,107-02-21,22,24,臺北市大同區平陽街31~60號
19,機車竊盜,107-02-22,06,08,臺北市松山區東興路1~30號
20,機車竊盜,107-02-25,00,02,臺北市內湖區新明路351巷與新明路口
21,機車竊盜,107-03-02,06,08,臺北市大安區學府里基隆路4段73巷
22,機車竊盜,107-03-02,12,14,臺北市文山區明義里020鄰興隆路4段105巷31~60號
23,機車竊盜,107-03-03,14,16,臺北市內湖區康寧路3段54巷1~30號
24,機車竊盜,107-03-06,00,02,臺北市北投區尊賢里實踐街1~30號
25,機車竊盜,107-03-12,12,14,臺北市中正區汀洲路
26,機車竊盜,107-03-16,08,10,臺北市大安區仁愛里復興南路1段177巷
27,機車竊盜,107-03-18,18,20,臺北市大安區通化里通化街61~90號
28,機車竊盜,107-03-19,10,12,臺北市士林區三玉里忠誠路2段10巷1~30號
29,機車竊盜,107-03-19,20,22,臺北市大同區民權西路(與重慶北路口)
30,機車竊盜,107-03-23,18,20,臺北市大同區南京西路181~210號
31,機車竊盜,107-03-25,00,02,臺北市萬華區貴陽街2段91~120號
32,機車竊盜,107-03-25,04,06,臺北市中正區光復里漢口街1段91~120號
33,機車竊盜,107-03-29,10,12,臺北市大安區永康里愛國東路79巷
34,機車竊盜,107-03-31,08,10,臺北市信義區松山路391~420號
35,機車竊盜,107-04-02,18,20,臺北市北投區永欣里石牌路2段181~210號
36,機車竊盜,107-04-06,14,16,臺北市大安區建倫里敦化南路1段211~240號
37,機車竊盜,107-04-10,14,16,臺北市中山區松江路121~150號
38,機車竊盜,107-04-11,12,14,臺北市大同區重慶北路3段296巷(迪化街2段)
39,機車竊盜,107-04-15,04,06,臺北市松山區南京東路5段291巷19弄
40,機車竊盜,107-04-16,16,18,臺北市中山區敬業四路與樂群二路口(報案在破獲之後)
41,機車竊盜,107-04-16,20,22,臺北市內湖區新湖三路與民善街口
42,機車竊盜,107-04-18,04,06,臺北市大同區承德路3段122巷1~30號
43,機車竊盜,107-04-18,06,08,臺北市大同區甘州街與歸綏街口
44,機車竊盜,107-04-18,14,16,臺北市大安區忠孝東路3段217巷1弄1~30號
45,機車竊盜,107-04-20,06,08,臺北市北投區文林里文林北路61~90號
46,機車竊盜,107-04-20,16,18,臺北市文山區萬美里007鄰萬芳路1~30號
47,機車竊盜,107-04-21,10,12,臺北市大安區古莊里羅斯福路與浦城街口
48,機車竊盜,107-04-25,10,12,臺北市中正區文盛里羅斯福路3段211~240號
49,機車竊盜,107-04-28,10,12,臺北市信義區永春里中坡北路37巷1~30號
50,機車竊盜,107-05-01,04,06,臺北市松山區復興北路151~180號
51,機車竊盜,107-05-02,22,24,臺北市南港區忠孝東路6段421~450號
52,機車竊盜,107-05-05,06,08,臺北市中山區民權東路2段92巷口
53,機車竊盜,107-05-07,12,14,臺北市文山區萬盛里羅斯福路5段97巷1~30號
54,機車竊盜,107-05-08,12,14,臺北市大同區迪化街1段271~300號
55,機車竊盜,107-05-10,04,06,臺北市信義區安康里松勇路69巷1~30號
56,機車竊盜,107-05-10,12,14,臺北市松山區南京東路5段(南京三民捷運站旁)
57,機車竊盜,107-05-12,18,20,臺北市內湖區新湖一路36巷1~30號
58,機車竊盜,107-05-13,06,08,臺北市文山區羅斯福路5段121~150號
59,機車竊盜,107-05-14,22,24,臺北市士林區前港街110巷1~30號
60,機車竊盜,107-05-16,00,02,臺北市南港區成福路31~60號
61,機車竊盜,107-05-16,20,22,臺北市中正區北平西路1~30號
62,機車竊盜,107-05-16,22,24,臺北市文山區木柵里022鄰秀明路1段31~60號
63,機車竊盜,107-05-18,02,04,臺北市信義區富陽街72巷
64,機車竊盜,107-05-20,16,18,臺北市松山區八德路4段301~330號
65,機車竊盜,107-05-25,22,24,臺北市萬華區西園路2段372巷31~60號
66,機車竊盜,107-05-26,02,04,臺北市中山區新生北路2段60巷﹑長春路61巷口
67,機車竊盜,107-05-26,20,22,臺北市大同區民權西路160巷30弄
68,機車竊盜,107-05-27,08,10,臺北市文山區景行里車前路1~30號
69,機車竊盜,107-05-27,12,14,臺北市士林區福德路1~30號
70,機車竊盜,107-05-27,16,18,臺北市萬華區萬大路486巷59弄1~30號
71,機車竊盜,107-05-27,22,24,臺北市松山區八德路4段451~480號
72,機車竊盜,107-05-30,16,18,臺北市信義區大道里忠孝東路5段790巷20弄1~30號
73,機車竊盜,107-05-31,04,06,臺北市內湖區成功路4段324巷1弄1~30號
74,機車竊盜,107-06-01,22,24,臺北市南港區玉成里八德路4段768巷1~30號
75,機車竊盜,107-06-05,00,02,臺北市萬華區環河南路2段241~270號
76,機車竊盜,107-06-07,06,08,臺北市中山區建國北路2段258巷1~30號
77,機車竊盜,107-06-12,10,12,臺北市內湖區內湖路1段715巷
78,機車竊盜,107-06-16,02,04,臺北市大同區雙連街1巷1~30號
79,機車竊盜,107-06-16,18,20,臺北市大同區承德路3段129巷1~30號
80,機車竊盜,107-06-17,16,18,臺北市中山區中原街31~60號
81,機車竊盜,107-06-17,18,20,臺北市中山區吉林路236巷1~30號
82,機車竊盜,107-06-24,04,06,臺北市中正區水源里思源街1~30號
83,機車竊盜,107-06-24,08,10,臺北市北投區清江里崇仁路1段61~90號
84,機車竊盜,107-06-25,04,06,臺北市萬華區廣州街181~210號
85,機車竊盜,107-06-28,04,06,臺北市大安區通化里光復南路628巷
86,機車竊盜,107-06-28,22,24,臺北市文山區景仁里羅斯福路6段31~60號
87,機車竊盜,107-07-01,04,06,臺北市大安區仁愛里復興南路1段177巷
88,機車竊盜,107-07-04,00,02,臺北市內湖區康樂街151巷內
89,機車竊盜,107-07-05,04,06,臺北市北投區中庸里大業路691~720號
90,機車竊盜,107-07-05,12,14,臺北市北投區八仙里崇仁路1段(與三合街2段口)
91,機車竊盜,107-07-05,14,16,臺北市大同區民族西路225巷1~30號
92,機車竊盜,107-07-06,00,02,臺北市大安區通化里通化街19巷6弄
93,機車竊盜,107-07-10,04,06,臺北市大同區迪化街2段301~330號
94,機車竊盜,107-07-11,16,18,臺北市內湖區成功路4段324巷口
95,機車竊盜,107-07-12,08,10,臺北市中山區建國北路3段81巷1~30號
96,機車竊盜,107-07-12,08,10,臺北市中山區建國北路3段81巷1~30號
97,機車竊盜,107-07-13,08,10,臺北市中山區建國北路3段81巷1~30號
98,機車竊盜,107-07-14,18,20,臺北市中山區林森北路421~450號
99,機車竊盜,107-07-15,14,16,臺北市內湖區港墘里港墘路31~60號
100,機車竊盜,107-07-16,08,10,臺北市大同區迪化街2段301~330號
101,機車竊盜,107-07-20,06,08,臺北市中山區合江街36巷31~60號
102,機車竊盜,107-07-21,00,02,臺北市大安區敦安里安和路1段112巷1~30號
103,機車竊盜,107-07-23,22,24,臺北市大安區通化里通化街39巷49弄1~30號
104,機車竊盜,107-07-24,06,08,臺北市萬華區環河南路2段241~270號
105,機車竊盜,107-07-26,00,02,臺北市萬華區中華路2段364巷22弄(口處)
106,機車竊盜,107-07-26,14,16,臺北市信義區吳興街
107,機車竊盜,107-07-27,10,12,臺北市文山區順興里007鄰木新路2段241~270號
108,機車竊盜,107-07-27,16,18,臺北市萬華區西園路2段271~300號
109,機車竊盜,107-07-28,02,04,臺北市南港區新富里研究院路1段2巷1~30號
110,機車竊盜,107-07-28,06,08,臺北市文山區樟新里011鄰木新路3段301~330號
111,機車竊盜,107-07-28,10,12,臺北市中正區文盛里羅斯福路4段12巷(內)
112,機車竊盜,107-07-29,04,06,臺北市大安區延吉街131巷1弄31~60號
113,機車竊盜,107-08-01,14,16,臺北市大同區承德路1段1~30號
114,機車竊盜,107-08-02,06,08,臺北市士林區蘭雅里中山北路6段290巷7弄
115,機車竊盜,107-08-02,18,20,臺北市信義區四維里虎林街70巷31~60號
116,機車竊盜,107-08-03,22,24,臺北市中山區松江路431巷1~30號
117,機車竊盜,107-08-04,02,04,臺北市萬華區環河南路2段125巷1~30號
118,機車竊盜,107-08-07,14,16,臺北市信義區富台里忠孝東路5段1~30號
119,機車竊盜,107-08-08,16,18,臺北市大同區西寧北路61~90號
120,機車竊盜,107-08-09,02,04,臺北市松山區八德路3段158巷20弄1~30號
121,機車竊盜,107-08-09,14,16,臺北市萬華區富民路145巷15弄1~30號
122,機車竊盜,107-08-09,18,20,臺北市士林區富光里葫蘆街61~90號
123,機車竊盜,107-08-10,16,18,臺北市大安區錦華里潮州街26巷1~30號
124,機車竊盜,107-08-10,22,24,臺北市大安區法治里通化街171巷30弄1~30號
125,機車竊盜,107-08-11,18,20,臺北市大同區長安西路172巷
126,機車竊盜,107-08-12,06,08,臺北市信義區虎林街101巷1~30號
127,機車竊盜,107-08-13,00,02,臺北市中正區忠勤里中華路2段315巷1~30號
128,機車竊盜,107-08-16,04,06,臺北市萬華區雙園街61~90號
129,機車竊盜,107-08-16,04,06,臺北市萬華區大理街160巷19弄31~60號
130,機車竊盜,107-08-16,04,06,臺北市大安區芳和里和平東路3段212巷31~60號
131,機車竊盜,107-08-16,04,06,臺北市大安區住安里信義路4段30巷27弄1~30號
132,機車竊盜,107-08-18,08,10,臺北市大安區臨江街40巷1~30號
133,機車竊盜,107-08-18,10,12,臺北市中山區中山北路2段77巷1~30號
134,機車竊盜,107-08-20,04,06,臺北市信義區臺鐵松山車站西邊機車停車場
135,機車竊盜,107-08-22,06,08,臺北市中山區新生北路3段1~30號
136,機車竊盜,107-08-22,08,10,臺北市中正區黎明里南陽街1~30號
137,機車竊盜,107-08-24,04,06,臺北市大安區龍坡里泰順街31~60號
138,機車竊盜,107-08-24,06,08,臺北市文山區萬美里010鄰萬美街1段91~120號
139,機車竊盜,107-08-26,10,12,臺北市大同區太原路91~120號
140,機車竊盜,107-08-26,16,18,臺北市松山區南京東路4段75巷1~30號
141,機車竊盜,107-08-27,02,04,臺北市萬華區民和街31~60號
142,機車竊盜,107-08-31,12,14,臺北市大安區學府里羅斯福路4段1~30號
143,機車竊盜,107-08-31,12,14,臺北市大安區群賢里復興南路2段171巷1~30號
144,機車竊盜,107-09-01,00,02,臺北市中山區南大路(靠近青草湖)
145,機車竊盜,107-09-01,16,18,臺北市萬華區環河南路2段181~210號
146,機車竊盜,107-09-03,22,24,臺北市大同區太原路133巷1~30號
147,機車竊盜,107-09-05,02,04,臺北市士林區通河東路2段20巷
148,機車竊盜,107-09-05,12,14,臺北市信義區松仁路202巷2弄31~60號
149,機車竊盜,107-09-05,12,14,臺北市信義區六合里松仁路202巷2弄31~60號
150,機車竊盜,107-09-06,20,22,臺北市中山區民生東路1段23巷1~30號
151,機車竊盜,107-09-07,00,02,臺北市文山區萬芳里009鄰萬安街121~150號
152,機車竊盜,107-09-08,08,10,臺北市松山區八德路4段106巷6弄1~30號
153,機車竊盜,107-09-10,22,24,臺北市信義區黎安里和平東路3段509巷31~60號
154,機車竊盜,107-09-12,06,08,臺北市大同區哈密街91~120號
155,機車竊盜,107-09-14,16,18,臺北市士林區通河街91~120號
156,機車竊盜,107-09-19,16,18,臺北市北投區中央里中央南路1段181~210號
157,機車竊盜,107-09-19,22,24,臺北市萬華區(萬大路與富民路口)
158,機車竊盜,107-09-20,22,24,臺北市中山區新生北路2段31~60號
159,機車竊盜,107-09-23,14,16,臺北市萬華區和平西路3段361~390號
160,機車竊盜,107-09-25,18,20,臺北市內湖區瑞光路66巷口
161,機車竊盜,107-09-26,16,18,臺北市松山區寧安街7巷1~30號
162,機車竊盜,107-09-28,04,06,臺北市信義區中行里福德街301~330號
163,機車竊盜,107-10-02,20,22,臺北市中山區新生北路3段55巷停車格
164,機車竊盜,107-10-03,00,02,臺北市大同區鄭州路121~150號
165,機車竊盜,107-10-04,04,06,臺北市文山區萬祥里羅斯福路5段211巷26弄1~30號
166,機車竊盜,107-10-04,20,22,臺北市松山區八德路4段451~480號
167,機車竊盜,107-10-06,22,24,臺北市北投區中央北路4段511~540號
168,機車竊盜,107-10-09,12,14,臺北市文山區興得里興隆路3段192巷8弄1~30號
169,機車竊盜,107-10-10,08,10,臺北市大安區通化里通化街39巷49弄1~30號
170,機車竊盜,107-10-10,08,10,臺北市中山區林森北路485巷內
171,機車竊盜,107-10-12,10,12,臺北市大同區重慶北路3段151~180號
172,機車竊盜,107-10-15,14,16,臺北市中山區林森北路241~270號
173,機車竊盜,107-10-16,00,02,臺北市信義區正和里光復南路419巷1~30號
174,機車竊盜,107-10-20,16,18,臺北市松山區光復南路31~60號
175,機車竊盜,107-10-22,00,02,臺北市中山區新生北路3段82巷1~30號
176,機車竊盜,107-10-25,06,08,臺北市大同區重慶北路1段83巷1~30號
177,機車竊盜,107-10-26,00,02,臺北市信義區中行里中坡南路271~300號
178,機車竊盜,107-10-28,18,20,臺北市萬華區康定路361~390號
179,機車竊盜,107-10-31,04,06,臺北市中山區錦州街301~330號
180,機車竊盜,107-11-01,00,02,臺北市萬華區西藏路181~210號
181,機車竊盜,107-11-01,10,12,臺北市中山區南京東路2段121~150號
182,機車竊盜,107-11-02,10,12,臺北市北投區洲美路271~300號
183,機車竊盜,107-11-02,14,16,臺北市中山區民權西路10巷1~30號
184,機車竊盜,107-11-04,02,04,臺北市大同區重慶北路3段271~300號
185,機車竊盜,107-11-08,18,20,臺北市中正區襄陽路1~30號
186,機車竊盜,107-11-10,20,22,臺北市信義區忠孝東路5段790巷68弄1~30號
187,機車竊盜,107-11-12,08,10,臺北市大同區酒泉街121~150號
188,機車竊盜,107-11-12,16,18,臺北市萬華區環河南路2段280巷1~30號
189,機車竊盜,107-11-13,00,02,臺北市中正區市民大道2段?臺北車站M2出口機車停車
190,機車竊盜,107-11-13,12,14,臺北市北投區榮光里石牌路1段121~150號
191,機車竊盜,107-11-14,16,18,臺北市中山區濱江街180巷1~30號
192,機車竊盜,107-11-16,04,06,臺北市信義區景新里吳興街269巷18弄1~30號
193,機車竊盜,107-11-18,02,04,臺北市信義區信義路6段76巷8弄1~30號
194,機車竊盜,107-11-18,06,08,臺北市信義區福德街165巷1~30號
195,機車竊盜,107-11-19,12,14,臺北市萬華區木柵路4段121~150號
196,機車竊盜,107-11-21,20,22,臺北市萬華區長泰街76巷1~30號
197,機車竊盜,107-11-22,06,08,臺北市中山區林森北路399巷1~30號
198,機車竊盜,107-11-24,10,12,臺北市中正區文盛里羅斯福路3段211~240號
199,機車竊盜,107-11-25,02,04,臺北市大同區民權西路292巷1~30號
200,機車竊盜,107-11-29,06,08,臺北市信義區虎林街31~60號
201,機車竊盜,107-12-01,18,20,臺北市中山區農安街241~270號
202,機車竊盜,107-12-07,20,22,臺北市大同區哈密街23巷1~30號
203,機車竊盜,107-12-07,22,24,臺北市大安區敦煌里安和路1段127巷1~30號
204,機車竊盜,107-12-08,16,18,臺北市大同區迪化街2段364巷1~30號
205,機車竊盜,107-12-11,18,20,臺北市中正區水源里汀州路三段與羅斯福路四段196巷口(人行
206,機車竊盜,107-12-12,16,18,臺北市大安區群賢里四維路182巷
207,機車竊盜,107-12-16,06,08,臺北市信義區信義路5段150巷481~510號
208,機車竊盜,107-12-19,02,04,臺北市大安區忠孝東路4段61~90號
209,機車竊盜,107-12-19,08,10,臺北市大同區重慶北路3段211~240號
210,機車竊盜,107-12-20,22,24,臺北市內湖區舊宗路1段121~150號
211,機車竊盜,107-12-20,22,24,臺北市大同區重慶北路3段223巷1~30號
212,機車竊盜,107-12-22,06,08,臺北市大同區環河北路1段421~450號
213,機車竊盜,107-12-23,22,24,臺北市萬華區萬青街31~60號
214,機車竊盜,107-12-25,02,04,臺北市北投區豐年里中央北路2段121~150號
215,機車竊盜,107-12-25,02,04,臺北市北投區中心里泉源路1~30號
216,機車竊盜,107-12-27,12,14,臺北市士林區德行東路181~210號
217,機車竊盜,107-12-29,18,20,臺北市萬華區漢口街2段31~60號
218,機車竊盜,107-12-31,02,04,臺北市萬華區內江街1~30號
219,機車竊盜,107-12-31,10,12,臺北市大同區承德路3段271~300號
220,機車竊盜,108-01-04,14,16,臺北市北投區長安里中央北路1段1~30號
221,機車竊盜,108-01-10,22,24,臺北市中正區南福里南昌路1段121~150號
222,機車竊盜,108-01-11,10,12,臺北市中正區南福里南昌路1段125巷(口)
223,機車竊盜,108-01-11,12,14,臺北市萬華區昆明街91~120號
224,機車竊盜,108-01-13,08,10,臺北市萬華區內江街與西寧南路口
225,機車竊盜,108-01-13,10,12,臺北市萬華區武昌街2段82巷
226,機車竊盜,108-01-14,22,24,臺北市萬華區昆明街91~120號
227,機車竊盜,108-01-16,20,22,臺北市萬華區成都路105巷1~30號
228,機車竊盜,108-01-16,22,24,臺北市萬華區武昌街2段91~120號
229,機車竊盜,108-01-20,10,12,臺北市信義區敦厚里松隆路9巷1~30號
230,機車竊盜,108-01-20,12,14,臺北市北投區豐年里中央北路2段271~300號
231,機車竊盜,108-01-20,14,16,臺北市大同區歸綏街211~240號
232,機車竊盜,108-01-21,20,22,臺北市萬華區西寧南路1~30號
233,機車竊盜,108-01-27,04,06,臺北市大同區長安西路78巷4弄1~30號
234,機車竊盜,108-02-01,16,18,臺北市信義區興雅里忠孝東路5段151~180號
235,機車竊盜,108-02-06,20,22,臺北市信義區三犁里信義路5段151巷151~180號
236,機車竊盜,108-02-09,14,16,臺北市萬華區三水街61~90號
237,機車竊盜,108-02-12,02,04,臺北市萬華區康定路287巷31~60號
238,機車竊盜,108-02-13,12,14,臺北市北投區一德里立德路1~30號
239,機車竊盜,108-02-15,10,12,臺北市文山區萬芳里010鄰萬安街21巷1~30號
240,機車竊盜,108-02-18,02,04,臺北市北投區吉利里致遠二路95巷31~60號
241,機車竊盜,108-02-24,20,22,臺北市北投區立賢里尊賢街243巷1~30號
242,機車竊盜,108-02-28,18,20,臺北市內湖區南京東路6段451~480號
243,機車竊盜,108-03-04,10,12,臺北市北投區建民里文林北路31~60號
244,機車竊盜,108-03-06,00,02,臺北市北投區東華里東華街2段174巷1~30號
245,機車竊盜,108-03-06,12,14,臺北市萬華區東園街181~210號
246,機車竊盜,108-03-10,20,22,臺北市北投區永明里石牌路2段99巷31~60號
247,機車竊盜,108-03-23,02,04,臺北市萬華區桂林路151~180號
248,機車竊盜,108-03-23,18,20,臺北市萬華區艋舺大道275巷1~30號
249,機車竊盜,108-03-24,18,20,臺北市中正區東門里信義路1段1~30號
250,機車竊盜,108-03-25,08,10,臺北市萬華區環河南路3段241~270號
251,機車竊盜,108-03-25,20,22,臺北市北投區中央南路2段61~90號
252,機車竊盜,108-03-26,10,12,臺北市北投區尊賢里尊賢街264巷1~30號
253,機車竊盜,108-03-31,06,08,臺北市中山區林森北路85巷口
254,機車竊盜,108-04-03,08,10,臺北市內湖區文湖街1~30號
255,機車竊盜,108-04-05,22,24,臺北市中正區中山北路(忠孝東路東北角)
256,機車竊盜,108-04-06,00,02,臺北市萬華區西昌街181~210號
257,機車竊盜,108-04-10,02,04,臺北市松山區民族東路631~660號
258,機車竊盜,108-04-10,08,10,臺北市士林區東山里德行東路331巷54弄1~30號
259,機車竊盜,108-04-12,10,12,臺北市信義區松山路151~180號
260,機車竊盜,108-04-25,06,08,臺北市文山區萬興里009鄰指南路2段61~90號
261,機車竊盜,108-04-28,12,14,臺北市萬華區中華路2段606巷(人行道)
262,機車竊盜,108-04-29,00,02,臺北市萬華區和平西路3段331~360號
263,機車竊盜,108-05-02,10,12,臺北市萬華區桂林路91~120號
264,機車竊盜,108-05-05,16,18,臺北市北投區開明里復興一路31~60號
265,機車竊盜,108-05-26,04,06,臺北市南港區新光里忠孝東路7段265巷(口)
266,機車竊盜,108-05-26,18,20,臺北市信義區三張里松仁路202巷1~30號
267,機車竊盜,108-05-29,14,16,臺北市北投區林泉里溫泉路121~150號
268,機車竊盜,108-05-30,20,22,臺北市士林區福佳里美崙街86巷1~30號
269,機車竊盜,108-05-30,22,24,臺北市士林區福佳里文昌路91~120號
270,機車竊盜,108-05-31,06,08,臺北市大同區重慶北路2段97巷31~60號
271,機車竊盜,108-06-01,18,20,臺北市士林區福德路1~30號
272,機車竊盜,108-06-06,18,20,臺北市大同區民生西路301~330號
273,機車竊盜,108-06-09,12,14,臺北市北投區吉利里石牌路1段39巷151~180號
274,機車竊盜,108-06-10,22,24,臺北市信義區景聯里吳興街31~60號
275,機車竊盜,108-06-11,12,14,臺北市士林區葫蘆里中正路631~660號
276,機車竊盜,108-06-12,22,24,臺北市南港區南港里興中路61~90號
277,機車竊盜,108-06-13,06,08,臺北市信義區五全里永吉路278巷58弄1~30號
278,機車竊盜,108-06-16,02,04,臺北市萬華區和平西路3段331~360號
279,機車竊盜,108-06-16,02,04,臺北市信義區黎順里崇德街31~60號
280,機車竊盜,108-06-16,06,08,臺北市大同區太原路61~90號
281,機車竊盜,108-06-17,02,04,臺北市大同區延平北路2段61巷1~30號
282,機車竊盜,108-06-18,00,02,臺北市大同區鄭州路121~150號
283,機車竊盜,108-06-18,02,04,臺北市大同區承德路3段85巷
284,機車竊盜,108-06-18,10,12,臺北市士林區葫蘆里中正路631~660號
285,機車竊盜,108-06-18,10,12,臺北市文山區萬興里015鄰指南路2段45巷8弄1~30號
286,機車竊盜,108-06-19,18,20,臺北市內湖區民權東路6段180巷77弄1~30號
287,機車竊盜,108-06-21,14,16,臺北市北投區文林路181~210號
288,機車竊盜,108-06-21,22,24,臺北市南港區舊莊里舊莊街1段181~210號
289,機車竊盜,108-06-22,04,06,臺北市萬華區廣州街211~240號
290,機車竊盜,108-06-22,16,18,臺北市內湖區東湖路113巷49弄121~150號
291,機車竊盜,108-06-25,22,24,臺北市大同區民權西路91~120號
292,機車竊盜,108-06-26,02,04,臺北市中正區廈安里中華路2段121~150號
293,機車竊盜,108-06-28,20,22,臺北市士林區葫蘆里中正路635巷1~30號
294,機車竊盜,108-07-03,20,22,臺北市大同區民族西路252巷(大同公園旁機車停車格)
295,機車竊盜,108-07-05,20,22,臺北市文山區興光里興隆路3段151~180號
296,機車竊盜,108-07-10,00,02,臺北市內湖區康寧路3段189巷31~60號
297,機車竊盜,108-07-10,14,16,臺北市中正區中山南路1~30號
298,機車竊盜,108-07-11,04,06,臺北市中山區中山區林森北路與民權東路口(西北角)
299,機車竊盜,108-07-11,16,18,臺北市士林區福林里中山北路5段190巷
300,機車竊盜,108-07-14,00,02,臺北市士林區仁勇里大北路31~60號
301,機車竊盜,108-07-16,04,06,臺北市信義區松光里忠孝東路5段492巷
302,機車竊盜,108-07-16,12,14,臺北市士林區福順里延平北路5段121~150號
303,機車竊盜,108-07-16,14,16,臺北市士林區舊佳里前街21巷
304,機車竊盜,108-07-16,14,16,臺北市南港區鴻福里玉成街201巷2弄1~30號
305,機車竊盜,108-07-16,22,24,臺北市士林區新光醫院路
306,機車竊盜,108-07-17,10,12,臺北市文山區興家里興隆路3段241~270號
307,機車竊盜,108-07-18,00,02,臺北市士林區通河東街1段200巷
308,機車竊盜,108-07-20,06,08,臺北市中山區錦州街4巷內
309,機車竊盜,108-07-20,16,18,臺北市中山區敬業四路
310,機車竊盜,108-07-25,04,06,臺北市大安區黎元里安居街61~90號
311,機車竊盜,108-07-26,00,02,臺北市信義區黎平里和平東路3段391巷8弄31~60號
312,機車竊盜,108-07-27,08,10,臺北市南港區成福里成福路171巷40弄1~30號
313,機車竊盜,108-07-27,12,14,臺北市中正區忠勤里西藏路1~30號
314,機車竊盜,108-07-30,08,10,臺北市大同區南京西路18巷1~30號
315,機車竊盜,108-08-01,18,20,臺北市士林區三玉里忠誠路2段21巷45弄1~30號
316,機車竊盜,108-08-03,00,02,臺北市信義區黎平里富陽街55巷1~30號
317,機車竊盜,108-08-03,02,04,臺北市萬華區昆明街31~60號
318,機車竊盜,108-08-05,18,20,臺北市南港區中南里忠孝東路7段415巷(內)
319,機車竊盜,108-08-08,08,10,臺北市內湖區康樂街72巷17弄31~60號
320,機車竊盜,108-08-08,22,24,臺北市內湖區成功路4段331~360號
321,機車竊盜,108-08-09,16,18,臺北市中山區中山區民生西路3巷內(馬偕醫院停車場處附
322,機車竊盜,108-08-09,16,18,臺北市萬華區國興路1巷1~30號
323,機車竊盜,108-08-10,06,08,臺北市文山區興業里辛亥路5段31~60號
324,機車竊盜,108-08-10,10,12,臺北市北投區關渡里知行路361~390號
325,機車竊盜,108-08-10,20,22,臺北市大安區信義路4段186巷
326,機車竊盜,108-08-11,00,02,臺北市信義區虎林街242巷1~30號
327,機車竊盜,108-08-11,16,18,臺北市中山區五股區工商路1~30號
328,機車竊盜,108-08-12,20,22,臺北市大同區承德路1段與太原路115巷口
329,機車竊盜,108-08-13,02,04,臺北市信義區松隆路1~30號
330,機車竊盜,108-08-13,02,04,臺北市信義區中坡南路162巷1~30號
331,機車竊盜,108-08-13,02,04,臺北市信義區福德街31~60號
332,機車竊盜,108-08-13,02,04,臺北市信義區松隆路1~30號
333,機車竊盜,108-08-13,12,14,臺北市信義區五全里永吉路278巷57弄1~30號
334,機車竊盜,108-08-13,18,20,臺北市中正區中山北路1段
335,機車竊盜,108-08-15,16,18,臺北市萬華區西園路2段241~270號
336,機車竊盜,108-08-16,02,04,臺北市大同區民樂街121~150號
337,機車竊盜,108-08-17,12,14,臺北市大同區南京西路167巷1~30號
338,機車竊盜,108-08-22,16,18,臺北市士林區百齡里福港街259巷13弄1~30號
339,機車竊盜,108-08-22,18,20,臺北市內湖區康寧路3段189巷93弄1~30號
340,機車竊盜,108-08-23,14,16,臺北市北投區裕民里8鄰東華街1段418巷1~30號
341,機車竊盜,108-08-23,22,24,臺北市士林區義信里大東路1~30號
342,機車竊盜,108-08-24,08,10,臺北市中山區松江路204巷1~30號
343,機車竊盜,108-08-24,08,10,臺北市萬華區萬大路571~600號
344,機車竊盜,108-08-24,18,20,臺北市南港區合成里忠孝東路6段271~300號
345,機車竊盜,108-08-26,00,02,臺北市北投區大度路1段151~180號
346,機車竊盜,108-08-26,04,06,臺北市萬華區成都路1~30號
347,機車竊盜,108-08-28,16,18,臺北市南港區南港里南港路1段277巷
348,機車竊盜,108-08-29,22,24,臺北市信義區松山路301~330號
349,機車竊盜,108-08-30,04,06,臺北市中正區幸市里新生南路1段31~60號
350,機車竊盜,108-08-31,06,08,臺北市文山區興得里辛亥路5段1~30號
351,機車竊盜,108-09-02,12,14,臺北市中正區東門里金山南路1段121~150號
352,機車竊盜,108-09-03,20,22,臺北市大安區華聲里光復南路200巷1~30號
353,機車竊盜,108-09-08,14,16,臺北市文山區木柵里019鄰秀明路1段185巷34弄1~30號
354,機車竊盜,108-09-08,16,18,臺北市萬華區和平西路3段1~30號
355,機車竊盜,108-09-08,20,22,臺北市大同區民權西路211~240號
356,機車竊盜,108-09-17,16,18,臺北市北投區一德里中央北路4段(與學園路口)
357,機車竊盜,108-09-21,08,10,臺北市萬華區萬大路481~510號
358,機車竊盜,108-09-24,10,12,臺北市中正區南福里羅斯福路2段31~60號
359,機車竊盜,108-09-25,04,06,臺北市北投區裕民里懷德街31~60號
360,機車竊盜,108-09-26,22,24,臺北市中山區鄧公路31巷1~30號
361,機車竊盜,108-09-29,02,04,臺北市信義區和平東路3段571~600號
362,機車竊盜,108-10-01,22,24,臺北市萬華區(西園路與廣州街口)
363,機車竊盜,108-10-02,18,20,臺北市北投區關渡里知行路225巷1~30號
364,機車竊盜,108-10-05,08,10,臺北市士林區中正路635巷
365,機車竊盜,108-10-06,16,18,臺北市中正區博愛路1~30號
366,機車竊盜,108-10-09,02,04,臺北市萬華區(洛陽停車場環河南路一段出口旁人行道上)
367,機車竊盜,108-10-09,12,14,臺北市文山區羅斯福路5段218巷1~30號
368,機車竊盜,108-10-10,08,10,臺北市文山區萬年里公館街31~60號
369,機車竊盜,108-10-12,08,10,臺北市中山區林森北路271~300號
370,機車竊盜,108-10-19,02,04,臺北市中正區建國里博愛路160巷
371,機車竊盜,108-10-23,22,24,臺北市士林區福佳里文昌路91~120號
372,機車竊盜,108-10-24,22,24,臺北市中正區建國里寶慶路31~60號
373,機車竊盜,108-10-25,20,22,臺北市萬華區長順街46巷31~60號
374,機車竊盜,108-10-26,00,02,臺北市文山區興泰里興隆路2段271~300號
375,機車竊盜,108-10-28,00,02,臺北市士林區大西路61~90號
376,機車竊盜,108-10-29,04,06,臺北市萬華區漢口街二段31~60號
377,機車竊盜,108-10-29,14,16,臺北市大安區長安西路271~300號
378,機車竊盜,108-10-30,16,18,臺北市士林區岩山里忠義街71巷1~30號
379,機車竊盜,108-10-31,18,20,臺北市中山區錦西街1~30號
380,機車竊盜,108-11-03,04,06,臺北市大同區延平北路3段91~120號
381,機車竊盜,108-11-03,18,20,臺北市中山區民生東路1段27巷1~30號
382,機車竊盜,108-11-04,00,02,臺北市萬華區中興橋機車引道下橋處
383,機車竊盜,108-11-08,00,02,臺北市士林區福華里和豐街31~60號
384,機車竊盜,108-11-08,14,16,臺北市中山區民族東路410巷1~30號
385,機車竊盜,108-11-16,02,04,臺北市南港區合成里市民大道7段181~210號
386,機車竊盜,108-11-17,06,08,臺北市北投區一德里中央北路4段583巷11弄1~30號
387,機車竊盜,108-11-18,00,02,臺北市南港區忠孝東路6段451~480號
388,機車竊盜,108-11-20,14,16,臺北市大安區市民大道3段301~330號
389,機車竊盜,108-11-20,20,22,臺北市萬華區長沙街2段91~120號
390,機車竊盜,108-11-23,14,16,臺北市松山區南京東路5段23巷
391,機車竊盜,108-11-26,10,12,臺北市信義區吳興街260巷
392,機車竊盜,108-11-28,02,04,臺北市南港區合成里忠孝東路6段225巷1弄1~30號
393,機車竊盜,108-11-28,06,08,臺北市南港區合成里市民大道7段181~210號
394,機車竊盜,108-12-08,22,24,臺北市大同區鄭州路143巷
395,機車竊盜,108-12-11,04,06,臺北市士林區德行東路109巷64弄
396,機車竊盜,108-12-11,16,18,臺北市南港區南港路3段181~210號
397,機車竊盜,108-12-11,16,18,臺北市北投區中央南路1段91~120號
398,機車竊盜,108-12-18,18,20,臺北市士林區聖山里德行東路190巷2弄1~30號
399,機車竊盜,108-12-18,18,20,臺北市士林區芝山里士東路241~270號
400,機車竊盜,108-12-19,00,02,臺北市信義區忠孝東路5段(松山路口)
401,機車竊盜,108-12-24,22,24,臺北市中正區建國里(中華路一段與貴陽街一段口)
402,機車竊盜,108-12-27,18,20,臺北市士林區福林里中山北路5段505巷31~60號
403,機車竊盜,108-12-29,02,04,臺北市大同區民生西路61~90號
404,機車竊盜,108-12-31,04,06,臺北市信義區永吉路68巷
405,機車竊盜,109-01-05,02,04,臺北市信義區基隆路1段37巷1~30號
406,機車竊盜,109-01-05,12,14,臺北市北投區東華里致遠三路91~120號
407,機車竊盜,109-01-06,18,20,臺北市文山區興家里興隆路3段185巷11弄1~30號
408,機車竊盜,109-01-06,20,22,臺北市北投區開明里中和街301~330號
409,機車竊盜,109-01-13,22,24,臺北市中正區幸市里忠孝東路2段121~150號
410,機車竊盜,109-01-14,10,12,臺北市中正區建國里衡陽路61~90號
411,機車竊盜,109-01-22,22,24,臺北市大安區光武里大安路1段31巷1~30號
412,機車竊盜,109-01-25,02,04,臺北市北投區中庸里大同街301~330號
413,機車竊盜,109-01-29,08,10,臺北市萬華區貴陽街2段121~150號
414,機車竊盜,109-01-29,12,14,臺北市北投區榮華里明德路150巷31~60號
415,機車竊盜,109-01-30,06,08,臺北市萬華區環河南路2段250巷25弄1~30號
416,機車竊盜,109-01-30,12,14,臺北市中山區錦西街1~30號
417,機車竊盜,109-02-02,00,02,臺北市萬華區和平西路3段361~390號
418,機車竊盜,109-02-02,20,22,臺北市大安區忠孝東路4段331~360號
419,機車竊盜,109-02-03,08,10,臺北市士林區福佳里文昌路91~120號
420,機車竊盜,109-02-04,08,10,臺北市北投區福興里自強街1~30號
421,機車竊盜,109-02-04,14,16,臺北市北投區大同里北投路2段1~30號
422,機車竊盜,109-02-05,00,02,臺北市大安區通化街211~240號
423,機車竊盜,109-02-08,22,24,臺北市士林區福佳里文昌路31~60號
424,機車竊盜,109-02-09,02,04,臺北市中山區中原街91~120號
425,機車竊盜,109-02-09,02,04,臺北市大安區中原街91~120號
426,機車竊盜,109-02-10,00,02,臺北市北投區中央北路1段151~180號
427,機車竊盜,109-02-10,22,24,臺北市士林區前港里後港路197巷1~30號
428,機車竊盜,109-02-11,02,04,臺北市士林區義信里大西路1~30號
429,機車竊盜,109-02-11,10,12,臺北市士林區福佳里文昌路91~120號
430,機車竊盜,109-02-12,22,24,臺北市萬華區昆明街121~150號
431,機車竊盜,109-02-14,22,24,臺北市大安區和安里建國南路1段291巷1~30號
432,機車竊盜,109-02-21,12,14,臺北市士林區福佳里基河路361~390號
433,機車竊盜,109-02-22,14,16,臺北市北投區中央北路2段301~330號
434,機車竊盜,109-02-24,02,04,臺北市大安區忠孝東路四段91~120號
435,機車竊盜,109-02-24,04,06,臺北市大同區民族西路187巷1~30號
436,機車竊盜,109-02-25,00,02,臺北市萬華區成都路31~60號
437,機車竊盜,109-02-26,22,24,臺北市中正區北平西路1~30號
438,機車竊盜,109-02-27,22,24,臺北市大同區南京西路64巷10弄
439,機車竊盜,109-02-28,14,16,臺北市內湖區江南街71巷16弄31~60號
440,機車竊盜,109-02-29,08,10,臺北市士林區福志里福志路52巷1~30號
441,機車竊盜,109-02-29,22,24,臺北市萬華區武昌街2段121~150號
442,機車竊盜,109-03-01,12,14,臺北市大安區四維路228巷1~30號
443,機車竊盜,109-03-01,16,18,臺北市中正區黎明里懷寧路61~90號
444,機車竊盜,109-03-01,22,24,臺北市中正區東門里林森南路61巷1~30號
445,機車竊盜,109-03-02,14,16,臺北市大安區復興南路1段155巷(內)
446,機車竊盜,109-03-03,02,04,臺北市南港區成福里成福路171巷22弄1~30號
447,機車竊盜,109-03-04,10,12,臺北市中正區重慶南路1段121~150號
448,機車竊盜,109-03-04,14,16,臺北市大同區長安西路121~150號
449,機車竊盜,109-03-05,10,12,臺北市中正區建國里(博愛路與貴陽街口人行道)
450,機車竊盜,109-03-07,10,12,臺北市萬華區昆明街91~120號
451,機車竊盜,109-03-10,08,10,臺北市大同區寧夏路61~90號
452,機車竊盜,109-03-13,04,06,臺北市士林區臨溪里至善路2段91~120號
453,機車竊盜,109-03-13,22,24,臺北市萬華區漢口街2段61~90號
454,機車竊盜,109-03-14,04,06,臺北市中正區黎明里(館前路與漢口街西南角(機車停車格內))
455,機車竊盜,109-03-14,08,10,臺北市文山區萬興里026鄰新光路1段95巷1~30號
456,機車竊盜,109-03-18,00,02,臺北市松山區八德路2段437巷1弄1~30號
457,機車竊盜,109-03-18,14,16,臺北市內湖區內湖路1段91巷38弄
458,機車竊盜,109-03-22,16,18,臺北市中山區龍江路301~330號
459,機車竊盜,109-03-23,22,24,臺北市北投區永和里行義路(龍鳳谷停車場)
460,機車竊盜,109-03-27,16,18,臺北市大同區敦煌路121~150號
461,機車竊盜,109-03-31,16,18,臺北市北投區豐年里大業路527巷1~30號
462,機車竊盜,109-04-04,16,18,臺北市萬華區昆明街61~90號
463,機車竊盜,109-04-07,00,02,臺北市大同區錦西街(與民權西路102巷口)
464,機車竊盜,109-04-09,04,06,臺北市士林區社新里中正路661~690號
465,機車竊盜,109-04-15,02,04,臺北市士林區忠誠路2段41巷31~60號
466,機車竊盜,109-04-15,20,22,臺北市松山區敦化北路120巷
467,機車竊盜,109-04-16,04,06,臺北市中正區永功里三元街181~210號
468,機車竊盜,109-04-18,14,16,臺北市大安區華聲里光復南路200巷1~30號
469,機車竊盜,109-04-19,20,22,臺北市士林區福林里至善路1段121~150號
470,機車竊盜,109-04-21,06,08,臺北市萬華區環河南路2段241~270號
471,機車竊盜,109-05-03,06,08,臺北市大同區迪化街2段364巷
472,機車竊盜,109-05-06,06,08,臺北市中山區大佳河濱公園停車場內
473,機車竊盜,109-05-07,00,02,臺北市大安區民輝里忠孝東路3段1~30號
474,機車竊盜,109-05-07,02,04,臺北市士林區臨溪里至善路2段(劍南路口)
475,機車竊盜,109-05-09,08,10,臺北市松山區南京東街5段291巷24弄1~30號
476,機車竊盜,109-05-14,10,12,臺北市士林區中正路631~660號
477,機車竊盜,109-05-15,02,04,臺北市中山區雙城街與民權東路1段口
478,機車竊盜,109-05-17,14,16,臺北市士林區大南路241~270號
479,機車竊盜,109-05-21,20,22,臺北市內湖區潭美街(與安康路106巷口)
480,機車竊盜,109-05-25,06,08,臺北市北投區大同里北投路2段31~60號
481,機車竊盜,109-05-29,12,14,臺北市中正區東門里仁愛路2段1~30號
482,機車竊盜,109-05-30,10,12,臺北市北投區東華街2段1~30號
483,機車竊盜,109-06-02,06,08,臺北市萬華區(雙園平面停車場機車停放處)
484,機車竊盜,109-06-03,10,12,臺北市內湖區內湖路1段387巷2弄
485,機車竊盜,109-06-07,04,06,臺北市中正區忠勤里中華路2段311巷1~30號
486,機車竊盜,109-06-10,06,08,臺北市大安區和安里信義路3段111巷1~30號
487,機車竊盜,109-06-12,02,04,臺北市南港區忠孝東路6段278巷1~30號
488,機車竊盜,109-06-15,08,10,臺北市北投區榮光里石牌路1段166巷1~30號
489,機車竊盜,109-06-15,12,14,臺北市萬華區富民路145巷31~60號
490,機車竊盜,109-06-16,08,10,臺北市士林區臨溪里至善路3段336巷1~30號
491,機車竊盜,109-06-19,04,06,臺北市文山區華興里001鄰試院路154巷3弄(底)
492,機車竊盜,109-06-24,00,02,臺北市南港區成福里成福路211巷1~30號
493,機車竊盜,109-06-25,00,02,臺北市北投區清江里中央南路1段225巷1~30號
494,機車竊盜,109-06-29,16,18,臺北市士林區基河路1~30號
495,機車竊盜,109-07-02,10,12,臺北市內湖區(內湖路3段59巷1~30號
496,機車竊盜,109-07-08,08,10,臺北市南港區合成里中坡北路50巷1~30號
497,機車竊盜,109-07-08,08,10,臺北市大安區和安里信義路3段111巷
498,機車竊盜,109-07-09,14,16,臺北市北投區立農里立農街1段301~330號
499,機車竊盜,109-07-13,20,22,臺北市文山區木新里004鄰指南路1段31~60號
500,機車竊盜,109-07-20,08,10,臺北市萬華區康定路91~120號
501,機車竊盜,109-07-23,08,10,臺北市內湖區行善路271~300號
502,機車竊盜,109-07-28,20,22,臺北市信義區五全里永吉路181~210號
503,機車竊盜,109-07-30,22,24,臺北市內湖區成功路2段426巷1~30號
504,機車竊盜,109-08-05,10,12,臺北市大同區長安西路與鄭州路143巷口
505,機車竊盜,109-08-11,16,18,臺北市萬華區3和平西路3段241~270號
506,機車竊盜,109-08-16,22,24,臺北市萬華區梧州街31~60號
507,機車竊盜,109-08-19,18,20,臺北市中正區水源里羅斯福路4段24巷1~30號
508,機車竊盜,109-08-25,18,20,臺北市文山區萬興里003鄰新光路1段151~180號
509,機車竊盜,109-08-28,00,02,臺北市松山區南京東路5段1~30號
510,機車竊盜,109-08-31,02,04,臺北市大同區涼州街1~30號
511,機車竊盜,109-09-03,04,06,臺北市信義區莊敬路451~480號
512,機車竊盜,109-09-11,20,22,臺北市北投區八仙里中央南路2段181~210號
513,機車竊盜,109-09-13,08,10,臺北市萬華區大理街121~150號
514,機車竊盜,109-09-13,14,16,臺北市萬華區大理街151~180號
515,機車竊盜,109-09-13,22,24,臺北市大同區太原路161巷對面(蓬萊國小旁停車場)
516,機車竊盜,109-09-15,06,08,臺北市士林區小南街1~30號
517,機車竊盜,109-09-21,00,02,臺北市南港區舊莊里舊莊街1段211~240號
518,機車竊盜,109-09-23,20,22,臺北市大安區大學里新生南路3段94巷1~30號
519,機車竊盜,109-10-06,00,02,臺北市大同區中山北路(市民大道)
520,機車竊盜,109-10-06,16,18,臺北市南港區合成里市民大道7段241~270號
521,機車竊盜,109-11-03,18,20,臺北市萬華區東園街28巷
522,機車竊盜,109-11-04,18,20,臺北市萬華區和平西路3段61~90號
523,機車竊盜,109-11-07,20,22,臺北市松山區光復南路32巷31~60號
524,機車竊盜,109-11-08,00,02,臺北市萬華區西寧南路31~60號
525,機車竊盜,109-11-13,06,08,臺北市中正區愛國里中華路2段61~90號
526,機車竊盜,109-11-23,00,02,臺北市北投區永和里行義路(龍鳳谷公園機車停放區)
527,機車竊盜,109-11-25,12,14,臺北市大同區延平北路4段與235巷口
528,機車竊盜,109-11-30,02,04,臺北市南港區玉成里東新街1~30號
529,機車竊盜,109-12-07,00,02,臺北市萬華區西園路2段320巷36弄1~30號
530,機車竊盜,109-12-08,08,10,臺北市中正區建國里(貴陽街與博愛路口)
531,機車竊盜,109-12-11,00,02,臺北市松山區敦化北路181~210號
532,機車竊盜,110-01-01,04,06,臺北市信義區六合里信義路5段150巷325弄1 ~ 30號
533,機車竊盜,110-01-07,10,12,臺北市北投區裕民里東華街1段408巷1 ~ 30號
534,機車竊盜,110-01-09,19,21,臺北市士林區福林里中正路181 ~ 210號
535,機車竊盜,110-02-01,06,09,臺北市信義區永吉路120巷80弄永吉路30巷口
536,機車竊盜,110-02-08,21,24,臺北市大同區重慶北路2段151~180號騎樓
537,機車竊盜,109-08-09,00,03,臺北市中山區林森北路301~330號
538,機車竊盜,110-02-09,18,21,臺北市士林區德華里福華路147巷1~30號
539,機車竊盜,110-02-02,21,24,臺北市文山區萬盛里羅斯福路5段31~60號
540,機車竊盜,110-01-25,03,06,臺北市萬華區和平西路3段271~300號
541,機車竊盜,110-01-28,15,18,臺北市大同區承德路3段285巷
542,機車竊盜,110-01-31,06,09,臺北市信義區松隆路1~30號
543,機車竊盜,110-01-22,06,09,臺北市萬華區寶興街31~60號
544,機車竊盜,110-02-15,18,21,臺北市中正區廈門街1~30號
545,機車竊盜,110-02-18,06,09,臺北市北投區石牌路1段166巷69弄1~30號
546,機車竊盜,110-01-26,15,18,臺北市萬華區華中橋下停車場
547,機車竊盜,110-01-11,06,09,臺北市文山區木新里007鄰指南路1段91~120號1樓前
548,機車竊盜,110-01-20,21,24,臺北市信義區松信路121~150號前
549,機車竊盜,109-12-13,00,03,臺北市中正區汀州路3段104巷1~30號
550,機車竊盜,109-12-23,18,21,臺北市士林區福德里基河路231~260號
551,機車竊盜,104-11-27,18,21,臺北市大安區通安里安和路2段59巷1~30號
552,機車竊盜,110-01-26,09,12,臺北市北投區智仁里杏林二路19巷口
553,機車竊盜,109-08-09,00,03,臺北市中山區林森北路301~330號
554,機車竊盜,110-02-22,09,12,臺北市文山區興得里興隆路3段112巷4弄31~60號
555,機車竊盜,110-01-31,00,03,臺北市信義區敦厚里基隆路1段101~130號
556,機車竊盜,110-02-01,00,03,臺北市南港區南港里南港路1段277巷口
557,機車竊盜,110-02-08,03,06,臺北市北投區吉慶里承德路7段188巷1~30號
558,機車竊盜,110-03-08,18,21,臺北市大安區學府里辛亥路3段271~300號
559,機車竊盜,110-03-09,00,03,臺北市大安區民炤里新生南路1段139巷
560,機車竊盜,110-02-06,18,21,臺北市信義區松山路與松隆路口
561,機車竊盜,110-03-06,03,06,臺北市大同區迪化街1段331~360號
562,機車竊盜,110-02-15,21,24,臺北市大同區鄭州路121~150號
563,機車竊盜,110-03-05,12,15,臺北市士林區大南路331~360號
564,機車竊盜,110-01-28,12,15,臺北市中山區中山北路1段121~150號
565,機車竊盜,109-12-21,12,15,臺北市北投區自強街61~90號
566,機車竊盜,110-03-23,03,06,臺北市大同區敦煌路1~30號
567,機車竊盜,110-03-06,03,06,臺北市大同區延平北路3段91~120號
568,機車竊盜,110-03-15,03,06,臺北市萬華區西園路2段261巷1~30號
569,機車竊盜,110-02-28,06,09,臺北市內湖區成功路4段182巷8弄1~30號
570,機車竊盜,110-03-11,03,06,臺北市北投區清江里崇仁路1段61~90號
571,機車竊盜,110-03-18,00,03,臺北市北投區建民里承德路6段331~360號
572,機車竊盜,110-03-06,00,03,臺北市北投區榮光里石牌路1段166巷91~120號
573,機車竊盜,110-02-19,12,15,臺北市內湖區民權東路6段31~60號
574,機車竊盜,109-12-25,12,15,臺北市士林區福志里雨農路74號B1樓
575,機車竊盜,110-02-26,06,09,臺北市中正區羅斯福路4段12巷1~30號
576,機車竊盜,110-03-05,18,21,臺北市北投區八仙里中央南路2段121~150號
577,機車竊盜,110-03-05,21,24,臺北市士林區天福里天母東路8巷91~120號
578,機車竊盜,110-02-20,18,21,臺北市大同區鄭州路31~60號
579,機車竊盜,110-03-20,15,18,臺北市中正區光復里延平南路61~90號
580,機車竊盜,110-01-26,15,18,臺北市中正區中山北路1段31~60號
581,機車竊盜,110-03-04,15,18,臺北市中山區雙城街10巷內
582,機車竊盜,110-03-04,15,18,臺北市中山區德惠街170巷5號1樓前
583,機車竊盜,110-02-08,15,18,臺北市萬華區青年路168巷2弄31~60號
584,機車竊盜,110-04-01,00,03,臺北市南港區南港捷運站外2號出口
585,機車竊盜,110-03-05,03,06,臺北市中山區德惠街170巷5號對面
586,機車竊盜,110-03-06,03,06,臺北市北投區八仙里崇仁路1段151~180號
587,機車竊盜,110-03-06,00,03,臺北市北投區文林里自強街31~60號
588,機車竊盜,108-03-12,18,21,臺北市萬華區漢口街2段54號B1樓
589,機車竊盜,110-04-07,12,15,臺北市文山區華興里019鄰富山路1巷口
590,機車竊盜,110-04-15,09,12,臺北市萬華區堤外便道往市民大道方向
591,機車竊盜,110-04-04,15,18,臺北市信義區大仁里林口街38巷福德街84巷口
592,機車竊盜,110-04-21,15,18,臺北市士林區三玉里士東路181~210號
593,機車竊盜,110-04-22,06,09,臺北市南港區九如里研究院路3段245號前(中華科技大學機車停車場)
594,機車竊盜,110-02-16,18,21,臺北市信義區正和里光復南路443巷8號前
595,機車竊盜,110-04-23,18,21,臺北市萬華區富民路145巷15弄31~60號
